AUTHOR;SONG NAME;LYRICS
Amy Lee;Broken;https://www.google.com/search?q=Amy Lee+Broken+LYRICS
Amy Lee;My Immortal;https://www.google.com/search?q=Amy Lee+My Immortal+LYRICS
Audioslave;Like a stone;https://www.google.com/search?q=Audioslave+like a stone+LYRICS
Avicii;Wake me up;https://www.google.com/search?q=Avicii+Wake me up+LYRICS
Bastille;Pompeii;https://www.google.com/search?q=Bastille+Pompeii+LYRICS
Beastie Boys;Fight for your right;https://www.google.com/search?q=Beastie Boys+Fight for your right+LYRICS
Beatles;Twist and Shout;https://www.google.com/search?q=Beatles+Twist and Shout+LYRICS
Beatles;Hard day's night;https://www.google.com/search?q=Beatles+Hard day's night+LYRICS
Beatles;Let it be;https://www.google.com/search?q=Beatles+Let it be+LYRICS
Beatles;Norwegian Wood;https://www.google.com/search?q=Beatles+Norwegian Wood+LYRICS
Beatles;With a little help from my friends;https://www.google.com/search?q=Beatles+With a little help from my friends+LYRICS
Ben E. King;Stand by me;https://www.google.com/search?q=Ben E. King+Stand by me+LYRICS
Black Keys;Lonely Boy;https://www.google.com/search?q=Black Keys+Lonely Boy+LYRICS
Black Keys;Little black submarines;https://www.google.com/search?q=Black Keys+Little black submarines+LYRICS
Blink 182;All the small things;https://www.google.com/search?q=Blink 182+All the small things+LYRICS
Blink 182;Adam's song;https://www.google.com/search?q=Blink 182+Adam's song+LYRICS
Blur;Coffee and TV;https://www.google.com/search?q=Blur+Coffee and TV+LYRICS
Bob Dylan;Knocking on Heaven's door;https://www.google.com/search?q=Bob Dylan+Knocking on Heaven's door+LYRICS
Bob Marley;Jammin';https://www.google.com/search?q=Bob Marley+Jammin'+LYRICS
Bob Marley;Three little birds;https://www.google.com/search?q=Bob Marley+Three little birds+LYRICS
Bob Sinclair;Love generation;https://www.google.com/search?q=Bob Sinclair+Love generation+LYRICS
Bryan Adams;Summer of '69;https://www.google.com/search?q=Bryan Adams+Summer of '69+LYRICS
Chris Hisaac;Wicked game;https://www.google.com/search?q=Chris Hisaac+Wicked game+LYRICS
Clash;Should I stay or should I go;https://www.google.com/search?q=Clash+Should I stay or should I go+LYRICS
Cranberries;Zombie;https://www.google.com/search?q=Cranberries+Zombie+LYRICS
Creedence Clearwater Revival;Bad moon rising;https://www.google.com/search?q=Creedence Clearwater Revival+Bad moon rising+LYRICS
Cure;Friday I'm in love;https://www.google.com/search?q=Cure+Friday I'm in love+LYRICS
David Bowie;Space Oddity;https://www.google.com/search?q=David Bowie+Space Oddity+LYRICS
David Bowie;The man who sold the world;https://www.google.com/search?q=David Bowie+The man who sold the world+LYRICS
Eagle Eye Cherry;Save Tonight;https://www.google.com/search?q=Eagle Eye Cherry+Save Tonight+LYRICS
Eagles;Hotel California;https://www.google.com/search?q=Eagles+Hotel California+LYRICS
Eddie Vedder;Society;https://www.google.com/search?q=Eddie Vedder+Society+LYRICS
Flogging Molly;Drunken lullabies;https://www.google.com/search?q=Flogging Molly+Drunken lullabies+LYRICS
Flogging molly;If I ever leave this world alive;https://www.google.com/search?q=Flogging molly+If I ever leave this world alive+LYRICS
Foo Fighters;Best of you;https://www.google.com/search?q=Foo Fighters+Best of you+LYRICS
Foo Fighters;Learn to fly;https://www.google.com/search?q=Foo Fighters+Learn to fly+LYRICS
Foo Fighters;Times like these;https://www.google.com/search?q=Foo Fighters+Times like these+LYRICS
Foo Fighters;Wheels;https://www.google.com/search?q=Foo Fighters+Wheels+LYRICS
Green Day;Holiday;https://www.google.com/search?q=Green Day+Holiday+LYRICS
Guns'n'roses;Patience;https://www.google.com/search?q=Guns'n'roses+Patience+LYRICS
Harry Styles;As it was;https://www.google.com/search?q=Harry Styles+As it was+LYRICS
Hole;Malibu;https://www.google.com/search?q=Hole+Malibu+LYRICS
Imagine Dragons;Demons;https://www.google.com/search?q=Imagine Dragons+Demons+LYRICS
Imagine Dragons;Radioactive;https://www.google.com/search?q=Imagine Dragons+Radioactive+LYRICS
Incubus;Drive;https://www.google.com/search?q=Incubus+Drive+LYRICS
John Denver;Country Roads;https://www.google.com/search?q=John Denver+Country Roads+LYRICS
John Lennon;Imagine;https://www.google.com/search?q=John Lennon+Imagine+LYRICS
Johnny Cash;Ring of Fire;https://www.google.com/search?q=Johnny Cash+Ring of Fire+LYRICS
Jon Bon Jovi;Living on a Prayer;https://www.google.com/search?q=Jon Bon Jovi+Living on a Prayer+LYRICS
Journey;Don't stop believin';https://www.google.com/search?q=Journey+Don't stop believin'+LYRICS
Kid Rock;All summer long;https://www.google.com/search?q=Kid Rock+All summer long+LYRICS
Killers;Mr. Brightside;https://www.google.com/search?q=Killers+Mr. Brightside+LYRICS
Lazlo Bane;I'm no Superman;https://www.google.com/search?q=Lazlo Bane+I'm no Superman+LYRICS
Lighthouse family;High;https://www.google.com/search?q=Lighthouse family+High+LYRICS
Linkin Park;Numb;https://www.google.com/search?q=Linkin Park+Numb+LYRICS
Mads Langer;You're not alone;https://www.google.com/search?q=Mads Langer+You're not alone+LYRICS
Metallica;Whiskey in the Jar;https://www.google.com/search?q=Metallica+Whiskey in the Jar+LYRICS
Metallica;Turn the page;https://www.google.com/search?q=Metallica+Turn the page+LYRICS
Mumford&sons;I will wait;https://www.google.com/search?q=Mumford&sons+I will wait+LYRICS
Nirvana;About a girl;https://www.google.com/search?q=Nirvana+About a girl+LYRICS
Nirvana;Dumb;https://www.google.com/search?q=Nirvana+Dumb+LYRICS
Nirvana;Polly;https://www.google.com/search?q=Nirvana+Polly+LYRICS
Nirvana;Where did you sleep last night;https://www.google.com/search?q=Nirvana+Where did you sleep last night+LYRICS
Nirvana;Heart Shaped box;https://www.google.com/search?q=Nirvana+Heart Shaped box+LYRICS
Nirvana;Come as you are;https://www.google.com/search?q=Nirvana+Come as you are+LYRICS
Nirvana;Rape me;https://www.google.com/search?q=Nirvana+Rape me+LYRICS
Noel Gallagher;If I had a gun;https://www.google.com/search?q=Noel Gallagher+If I had a gun+LYRICS
Nofx;Stickin' in my eye;https://www.google.com/search?q=Nofx+Stickin' in my eye+LYRICS
Oasis;Don't look back in anger;https://www.google.com/search?q=Oasis+Don't look back in anger+LYRICS
Oasis;Hello;https://www.google.com/search?q=Oasis+Hello+LYRICS
Oasis;She's electric;https://www.google.com/search?q=Oasis+She's electric+LYRICS
Oasis;Wonderwall;https://www.google.com/search?q=Oasis+Wonderwall+LYRICS
Offspring;Kids aren't alright;https://www.google.com/search?q=Offspring+Kids aren't alright+LYRICS
Offspring;Why don't you get a job;https://www.google.com/search?q=Offspring+Why don't you get a job+LYRICS
One Republic;Counting Stars;https://www.google.com/search?q=One Republic+Counting Stars+LYRICS
Paddy Reilly;Fields of Athenry;https://www.google.com/search?q=Paddy Reilly+Fields of Athenry+LYRICS
Passenger;Let her go;https://www.google.com/search?q=Passenger+Let her go+LYRICS
Pixies;Where is my mind;https://www.google.com/search?q=Pixies+Where is my mind+LYRICS
Plain White;Delilah;https://www.google.com/search?q=Plain White+Delilah+LYRICS
Pogues;Dirty old town;https://www.google.com/search?q=Pogues+Dirty old town+LYRICS
Queens of the Stone Age;Go with the flow;https://www.google.com/search?q=Queens of the Stone Age+Go with the flow+LYRICS
Radiohead;Creep;https://www.google.com/search?q=Radiohead+Creep+LYRICS
Red Hot Chili Peppers;Californication;https://www.google.com/search?q=Red Hot Chili Peppers+Californication+LYRICS
Red Hot Chili Peppers;Otherside;https://www.google.com/search?q=Red Hot Chili Peppers+Otherside+LYRICS
REM;Losing my religion;https://www.google.com/search?q=REM+Losing my religion+LYRICS
Staind;It's been a while;https://www.google.com/search?q=Staind+It's been a while+LYRICS
Staind;Outside;https://www.google.com/search?q=Staind+Outside+LYRICS
Steve Miller Band;The Joker;https://www.google.com/search?q=Steve Miller Band+The Joker+LYRICS
Strokes;Last Nite;https://www.google.com/search?q=Strokes+Last Nite+LYRICS
System of a down;Lonely day;https://www.google.com/search?q=System of a down+Lonely day+LYRICS
System of a down;Toxicity;https://www.google.com/search?q=System of a down+Toxicity+LYRICS
U2;With or without you;https://www.google.com/search?q=U2+With or without you+LYRICS
U2;One;https://www.google.com/search?q=U2+One+LYRICS
Vance Joy;Riptide;https://www.google.com/search?q=Vance Joy+Riptide+LYRICS
Wheatus;A little respect;https://www.google.com/search?q=Wheatus+A little respect+LYRICS
Ed Sheeran;I see fire;https://www.google.com/search?q=Ed Sheeran+I see fire+LYRICS
Ramones;Blitzkrieg bop (Hey oh let's go);https://www.google.com/search?q=Ramones+Blitzkrieg bop (Hey oh let's go)+LYRICS
Ramones;What a wonderful world;https://www.google.com/search?q=Ramones+What+a+wonderful world+LYRICS
The Hives;Hate to say I told you so;https://www.google.com/search?q=The Hives+Hate+to+say+I+tol+you+so+LYRICS
Limp Bizkit;Behind blue eyes;https://www.google.com/search?q=Limp Bizkit+Behind+blue+eyes+LYRICS
The Cardigans;Favorite game;https://www.google.com/search?q=The Cardigans+Favorite+game+LYRICS
Cremonini;La nuova stella di Broadway;https://www.google.com/search?q=Cremonini+La+nuova+stella di Broadway+LYRICS
Talco;Bella Ciao;https://www.google.com/search?q=Talco+Bella+Ciao+LYRICS
883;Nord Sud Ovest Est;https://www.google.com/search?q=883+Nord+Sud+Ovest+Est+LYRICS
Negrita;In ogni atomo;https://www.google.com/search?q=Negrita+In+ogni+atomo+LYRICS
Lenny Kravitz;Again;https://www.google.com/search?q=Lenny+Kravitz+Again+LYRICS
Bloodhound Gang;The Bad Touch;https://www.google.com/search?q=Bloodhound+Gang+The+Bad+Touch+LYRICS
Neil Diamond;Sweet Caroline;https://www.google.com/search?q=Neil+Diamond+Sweet+Caroline+LYRICS
Muse;Feeling good;https://www.google.com/search?q=Muse+Feeling+good+LYRICS
Backstreet Boys;Everybody;https://www.google.it/search?q=Backstreet+Boys+Everybody+LYRICS
Backstreet Boys;I want it that way;https://www.google.it/search?q=Backstreet+Boys-I+want+it+that+way+LYRICS
Maneskin;Beggin';https://www.google.it/search?q=Maneskin+Beggin+LYRICS
Maneskin;I Wanna be your slave;https://www.google.it/search?q=Maneskin+Wanna+be+your+slave+LYRICS
Dolly Parton;Jolene;https://www.google.it/search?q=Dolly+Parton+Jolene+LYRICS
Avril Lavigne;Complicated;https://www.google.it/search?q=Avril+Lavigne+Complicated+LYRICS
Avril Lavigne;Skater Boy;https://www.google.it/search?q=Avril+Lavigne+Skater+Boy+LYRICS
Coolio;Gangsta's Paradise;https://www.google.it/search?q=Coolio+Gangsta%27s+Paradise+LYRICS
Manu Chao;Welcome to Tijuana;https://www.google.it/search?q=Manu+Chao+Welcome+to+Tijuana+LYRICS
Lady Gaga+BC;Shallow;https://www.google.it/search?q=Lady+Gaga+Shallow+LYRICS
